Ranks,Time
72,0.415062
144,1.098913
216,1.737682
288,0.138622
