Ranks,Time
18,13.554781
36,7.303888
54,5.082379
72,4.163721
