Ranks,Time
1,227.879756
2,115.402185
3,76.450643
4,57.562136
5,47.014141
6,39.186703
7,33.332236
8,28.946968
9,26.000511
10,23.235279
11,21.527461
12,20.066349
13,18.099104
14,17.214501
15,15.798882
16,14.760634
17,14.059840
18,13.322770
