Ranks,Time
72,0.845480
144,0.733420
216,0.967847
288,0.275823
