Ranks,Time
1,57.425665
2,28.513644
3,19.080982
4,14.339373
5,11.512669
6,9.628839
7,8.805488
8,7.310918
9,6.540493
10,5.805652
11,5.491468
12,5.145081
13,4.599054
14,4.380665
15,3.981558
16,3.823036
17,3.550008
18,3.336082
