Ranks,Time
18,0.743199
36,0.412805
54,0.368948
72,0.475487
