Ranks,Time
1,1.428071
2,0.725919
3,0.511728
4,0.392989
5,0.326418
6,0.304535
7,0.264345
8,0.228815
9,0.204415
10,0.184018
11,0.181380
12,0.177347
13,0.157681
14,0.161120
15,0.153412
16,0.155084
17,0.128921
18,0.140361
