Ranks,Time
72,1.903467
144,2.055102
216,2.652139
288,0.807831
