Ranks,Time
72,0.203667
144,0.298388
216,0.763003
288,0.069758
