Ranks,Time
18,1.263732
36,0.691583
54,0.514709
72,0.793608
