Ranks,Time
72,4.171224
144,4.673312
216,4.578749
288,2.518222
