Ranks,Time
18,3.485055
36,1.912655
54,1.293496
72,1.852501
