Ranks,Time
72,1.063774
144,0.738862
216,0.984796
288,0.271402
