Ranks,Time
18,1.569037
36,0.868271
54,0.613179
72,0.891476
