Ranks,Time
18,0.149180
36,0.122136
54,0.131302
72,0.269203
